{"cameraMode":{"drawMode":0,"name":"Shaded","section":"Shading Mode"},"sceneLighting":false,"audioPlay":false,"sceneViewState":{"showFog":true,"showMaterialUpdate":false,"showSkybox":false,"showFlares":true,"showImageEffects":true,"showParticleSystems":true},"in2DMode":false,"pivot":{"x":3.119999885559082,"y":5.472978591918945,"z":24.809982299804689},"rotation":{"x":0.010937461629509926,"y":-0.7136157751083374,"z":-0.011122675612568856,"w":-0.7005549669265747},"size":4.6982855796813969,"orthographic":true}