{"cameraMode":{"drawMode":0,"name":"Shaded","section":"Shading Mode"},"sceneLighting":true,"audioPlay":false,"sceneViewState":{"showFog":true,"showMaterialUpdate":false,"showSkybox":true,"showFlares":true,"showImageEffects":true,"showParticleSystems":true},"in2DMode":false,"pivot":{"x":3.6591796875,"y":11.642333984375,"z":-26.43896484375},"rotation":{"x":0.40153685212135317,"y":0.23344092071056367,"z":-0.10664582252502442,"w":0.8792597055435181},"size":18.514484405517579,"orthographic":true}