{"cameraMode":{"drawMode":0,"name":"Shaded","section":"Shading Mode"},"sceneLighting":false,"audioPlay":false,"sceneViewState":{"showFog":true,"showMaterialUpdate":true,"showSkybox":false,"showFlares":true,"showImageEffects":true,"showParticleSystems":true},"in2DMode":false,"pivot":{"x":-30.639122009277345,"y":20.706439971923829,"z":-32.17234802246094},"rotation":{"x":-0.0838766023516655,"y":-0.4289611577987671,"z":0.03853238373994827,"w":-0.8988425135612488},"size":0.0000583704786549788,"orthographic":true}