{"cameraMode":{"drawMode":0,"name":"Shaded","section":"Shading Mode"},"sceneLighting":false,"audioPlay":false,"sceneViewState":{"showFog":true,"showMaterialUpdate":false,"showSkybox":false,"showFlares":true,"showImageEffects":true,"showParticleSystems":true},"in2DMode":false,"pivot":{"x":-2.384185791015625e-7,"y":3.578287124633789,"z":2.384185791015625e-7},"rotation":{"x":0.08604872226715088,"y":-0.8145425915718079,"z":0.12508836388587953,"w":0.5600605010986328},"size":22.782384872436525,"orthographic":true}