{"cameraMode":{"drawMode":0,"name":"Shaded","section":"Shading Mode"},"sceneLighting":false,"audioPlay":false,"sceneViewState":{"showFog":true,"showMaterialUpdate":false,"showSkybox":false,"showFlares":true,"showImageEffects":true,"showParticleSystems":true},"in2DMode":false,"pivot":{"x":-4.376953125,"y":17.759658813476564,"z":-18.306396484375},"rotation":{"x":-0.007106173783540726,"y":0.7730152606964111,"z":-0.010092656128108502,"w":-0.6347604990005493},"size":3.1106910705566408,"orthographic":true}