{"cameraMode":{"drawMode":0,"name":"Shaded","section":"Shading Mode"},"sceneLighting":false,"audioPlay":false,"sceneViewState":{"showFog":true,"showMaterialUpdate":true,"showSkybox":false,"showFlares":true,"showImageEffects":true,"showParticleSystems":true},"in2DMode":false,"pivot":{"x":94.76998901367188,"y":728.3499755859375,"z":0.0},"rotation":{"x":0.023410558700561525,"y":0.06025451794266701,"z":-0.0006860980065539479,"w":0.9981474280357361},"size":339.0093078613281,"orthographic":true}