{"cameraMode":{"drawMode":0,"name":"Shaded","section":"Shading Mode"},"sceneLighting":false,"audioPlay":false,"sceneViewState":{"showFog":true,"showMaterialUpdate":false,"showSkybox":false,"showFlares":true,"showImageEffects":true,"showParticleSystems":true},"in2DMode":false,"pivot":{"x":-0.07972753047943115,"y":1.155860185623169,"z":0.01237642765045166},"rotation":{"x":0.013502489775419236,"y":-0.9807929396629334,"z":0.18090654909610749,"w":0.07304638624191284},"size":11.538286209106446,"orthographic":true}