{"cameraMode":{"drawMode":0,"name":"Shaded","section":"Shading Mode"},"sceneLighting":false,"audioPlay":false,"sceneViewState":{"showFog":true,"showMaterialUpdate":false,"showSkybox":false,"showFlares":true,"showImageEffects":true,"showParticleSystems":true},"in2DMode":false,"pivot":{"x":31.22348403930664,"y":-9.19184684753418,"z":-44.125},"rotation":{"x":0.45773887634277346,"y":-0.48838937282562258,"z":0.33815813064575198,"w":0.6615355014801025},"size":8.627795219421387,"orthographic":true}