{"cameraMode":{"drawMode":0,"name":"Shaded","section":"Shading Mode"},"sceneLighting":true,"audioPlay":false,"sceneViewState":{"showFog":true,"showMaterialUpdate":false,"showSkybox":false,"showFlares":true,"showImageEffects":true,"showParticleSystems":true},"in2DMode":false,"pivot":{"x":-0.03896307945251465,"y":-0.032001495361328128,"z":0.011136531829833985},"rotation":{"x":-0.3182951509952545,"y":-0.22552207112312318,"z":0.07837746292352677,"w":-0.917675793170929},"size":10.002593040466309,"orthographic":true}