{"cameraMode":{"drawMode":0,"name":"Shaded","section":"Shading Mode"},"sceneLighting":false,"audioPlay":false,"sceneViewState":{"showFog":true,"showMaterialUpdate":false,"showSkybox":false,"showFlares":true,"showImageEffects":true,"showParticleSystems":true},"in2DMode":false,"pivot":{"x":-24.7666015625,"y":4.160888671875,"z":-12.83349609375},"rotation":{"x":0.059848953038454059,"y":-0.6305016875267029,"z":0.0489671528339386,"w":0.7723854184150696},"size":6.054819107055664,"orthographic":true}