{"cameraMode":{"drawMode":0,"name":"Shaded","section":"Shading Mode"},"sceneLighting":false,"audioPlay":false,"sceneViewState":{"showFog":true,"showMaterialUpdate":false,"showSkybox":false,"showFlares":true,"showImageEffects":true,"showParticleSystems":true},"in2DMode":false,"pivot":{"x":-4.8408966064453129,"y":17.682401657104493,"z":-18.51810646057129},"rotation":{"x":-0.3182951509952545,"y":-0.22552207112312318,"z":0.07837746292352677,"w":-0.917675793170929},"size":0.00005543319639400579,"orthographic":true}