{"cameraMode":{"drawMode":0,"name":"Shaded","section":"Shading Mode"},"sceneLighting":false,"audioPlay":false,"sceneViewState":{"showFog":true,"showMaterialUpdate":false,"showSkybox":false,"showFlares":true,"showImageEffects":true,"showParticleSystems":true},"in2DMode":false,"pivot":{"x":-4.162252902984619,"y":17.74481201171875,"z":-18.656408309936525},"rotation":{"x":-0.19103984534740449,"y":0.5823689699172974,"z":-0.1444992870092392,"w":-0.7772359251976013},"size":15.575662612915039,"orthographic":true}