{"cameraMode":{"drawMode":0,"name":"Shaded","section":"Shading Mode"},"sceneLighting":true,"audioPlay":false,"sceneViewState":{"showFog":true,"showMaterialUpdate":false,"showSkybox":true,"showFlares":true,"showImageEffects":true,"showParticleSystems":true},"in2DMode":false,"pivot":{"x":136.3092041015625,"y":0.181640625,"z":32.23828125},"rotation":{"x":0.008700658567249775,"y":-0.988450825214386,"z":0.057224370539188388,"w":0.14161887764930726},"size":31.47488784790039,"orthographic":true}