{"cameraMode":{"drawMode":0,"name":"Shaded","section":"Shading Mode"},"sceneLighting":false,"audioPlay":false,"sceneViewState":{"showFog":true,"showMaterialUpdate":false,"showSkybox":false,"showFlares":true,"showImageEffects":true,"showParticleSystems":true},"in2DMode":false,"pivot":{"x":0.0,"y":1.4829785823822022,"z":-0.000016450881958007813},"rotation":{"x":-0.19039539992809297,"y":0.7257664203643799,"z":-0.22154600918293,"w":-0.6230442523956299},"size":8.39892292022705,"orthographic":true}