{"cameraMode":{"drawMode":0,"name":"Shaded","section":"Shading Mode"},"sceneLighting":false,"audioPlay":false,"sceneViewState":{"showFog":true,"showMaterialUpdate":false,"showSkybox":false,"showFlares":true,"showImageEffects":true,"showParticleSystems":true},"in2DMode":false,"pivot":{"x":16.989999771118165,"y":12.47119140625,"z":-26.920000076293947},"rotation":{"x":-0.08612270653247833,"y":-0.06570616364479065,"z":0.005525781773030758,"w":-0.9941597580909729},"size":5.7157673835754398,"orthographic":true}