{"cameraMode":{"drawMode":0,"name":"Shaded","section":"Shading Mode"},"sceneLighting":false,"audioPlay":false,"sceneViewState":{"showFog":true,"showMaterialUpdate":false,"showSkybox":false,"showFlares":true,"showImageEffects":true,"showParticleSystems":true},"in2DMode":false,"pivot":{"x":-24.7666015625,"y":4.160888671875,"z":-12.83349609375},"rotation":{"x":0.2269309014081955,"y":-0.35976535081863406,"z":0.09077316522598267,"w":0.9005128741264343},"size":11.213191032409668,"orthographic":true}