{"cameraMode":{"drawMode":0,"name":"Shaded","section":"Shading Mode"},"sceneLighting":true,"audioPlay":false,"sceneViewState":{"showFog":true,"showMaterialUpdate":false,"showSkybox":false,"showFlares":true,"showImageEffects":true,"showParticleSystems":true},"in2DMode":false,"pivot":{"x":-24.246000289916993,"y":37.53799819946289,"z":-53.96033477783203},"rotation":{"x":0.12801651656627656,"y":-0.8451395034790039,"z":0.23337207734584809,"w":0.4637555181980133},"size":15.226113319396973,"orthographic":true}