{"cameraMode":{"drawMode":0,"name":"Shaded","section":"Shading Mode"},"sceneLighting":false,"audioPlay":false,"sceneViewState":{"showFog":true,"showMaterialUpdate":false,"showSkybox":false,"showFlares":true,"showImageEffects":true,"showParticleSystems":true},"in2DMode":false,"pivot":{"x":-25.79822540283203,"y":3.0240378379821779,"z":-13.654243469238282},"rotation":{"x":0.1745825707912445,"y":-0.773238480091095,"z":0.2412928193807602,"w":0.5599029064178467},"size":2.8578836917877199,"orthographic":true}