{"cameraMode":{"drawMode":0,"name":"Shaded","section":"Shading Mode"},"sceneLighting":false,"audioPlay":false,"sceneViewState":{"showFog":true,"showMaterialUpdate":false,"showSkybox":false,"showFlares":true,"showImageEffects":true,"showParticleSystems":true},"in2DMode":false,"pivot":{"x":-0.01054719090461731,"y":-0.01377880573272705,"z":0.028392493724822999},"rotation":{"x":0.09009593725204468,"y":-0.1987835019826889,"z":-0.018482139334082605,"w":-0.9757605791091919},"size":4.700854301452637,"orthographic":true}