{"cameraMode":{"drawMode":0,"name":"Shaded","section":"Shading Mode"},"sceneLighting":true,"audioPlay":false,"sceneViewState":{"showFog":true,"showMaterialUpdate":false,"showSkybox":true,"showFlares":true,"showImageEffects":true,"showParticleSystems":true},"in2DMode":false,"pivot":{"x":-13.644350051879883,"y":13.53564453125,"z":10.491523742675782},"rotation":{"x":0.4617854058742523,"y":-0.03031425178050995,"z":0.01579638198018074,"w":0.8863364458084106},"size":174.07000732421876,"orthographic":false}