{"cameraMode":{"drawMode":0,"name":"Shaded","section":"Shading Mode"},"sceneLighting":false,"audioPlay":false,"sceneViewState":{"showFog":true,"showMaterialUpdate":false,"showSkybox":false,"showFlares":true,"showImageEffects":true,"showParticleSystems":true},"in2DMode":false,"pivot":{"x":3.25,"y":1.8228566646575928,"z":-2.0999999046325685},"rotation":{"x":0.10895038396120072,"y":-0.8761032819747925,"z":0.23489297926425935,"w":0.40680742263793948},"size":11.736543655395508,"orthographic":true}