{"cameraMode":{"drawMode":0,"name":"Shaded","section":"Shading Mode"},"sceneLighting":false,"audioPlay":false,"sceneViewState":{"showFog":true,"showMaterialUpdate":false,"showSkybox":false,"showFlares":true,"showImageEffects":true,"showParticleSystems":true},"in2DMode":false,"pivot":{"x":-0.25,"y":5.472978591918945,"z":20.839982986450197},"rotation":{"x":0.004690641071647406,"y":0.9839897155761719,"z":-0.17692668735980988,"w":0.026662232354283334},"size":117.37860870361328,"orthographic":true}