{"cameraMode":{"drawMode":0,"name":"Shaded","section":"Shading Mode"},"sceneLighting":false,"audioPlay":false,"sceneViewState":{"showFog":true,"showMaterialUpdate":false,"showSkybox":false,"showFlares":true,"showImageEffects":true,"showParticleSystems":true},"in2DMode":false,"pivot":{"x":-0.01054719090461731,"y":-0.01377880573272705,"z":0.028392493724822999},"rotation":{"x":-0.401587575674057,"y":-0.40066948533058169,"z":0.20137101411819459,"w":-0.7985758185386658},"size":8.330836296081543,"orthographic":true}