{"cameraMode":{"drawMode":0,"name":"Shaded","section":"Shading Mode"},"sceneLighting":true,"audioPlay":false,"sceneViewState":{"showFog":true,"showMaterialUpdate":false,"showSkybox":true,"showFlares":true,"showImageEffects":true,"showParticleSystems":true},"in2DMode":false,"pivot":{"x":38.029720306396487,"y":1.914062738418579,"z":20.75912094116211},"rotation":{"x":-0.2997004985809326,"y":0.15083888173103333,"z":-0.04821789637207985,"w":-0.9408618211746216},"size":15.408126831054688,"orthographic":true}