{"cameraMode":{"drawMode":0,"name":"Shaded","section":"Shading Mode"},"sceneLighting":true,"audioPlay":false,"sceneViewState":{"showFog":true,"showMaterialUpdate":true,"showSkybox":false,"showFlares":true,"showImageEffects":true,"showParticleSystems":true},"in2DMode":false,"pivot":{"x":-43.84000015258789,"y":4.740010738372803,"z":21.5},"rotation":{"x":-0.011363512836396695,"y":-0.09135596454143524,"z":0.0009438907145522535,"w":-0.9958029985427856},"size":16.147783279418947,"orthographic":true}