{"cameraMode":{"drawMode":0,"name":"Shaded","section":"Shading Mode"},"sceneLighting":false,"audioPlay":false,"sceneViewState":{"showFog":true,"showMaterialUpdate":false,"showSkybox":false,"showFlares":true,"showImageEffects":true,"showParticleSystems":true},"in2DMode":false,"pivot":{"x":20.149999618530275,"y":4.3435139656066898,"z":-11.661083221435547},"rotation":{"x":-0.2596535384654999,"y":-0.3272083103656769,"z":0.09456710517406464,"w":-0.9039565324783325},"size":4.1682281494140629,"orthographic":false}